SELECT "CAUTION: this will delete your data in the openhds database. Remove line two in 99_prepare_openhds_db.sql if you want to proceed.";
Remove this line to run the script;
SET FOREIGN_KEY_CHECKS=0;
TRUNCATE TABLE AsyncTask;
TRUNCATE TABLE adultvpm;
TRUNCATE TABLE classExtension;
TRUNCATE TABLE death;
TRUNCATE TABLE demrates;
TRUNCATE TABLE extension;
TRUNCATE TABLE fieldworker;
TRUNCATE TABLE form;
TRUNCATE TABLE individual;
TRUNCATE TABLE inmigration;
TRUNCATE TABLE location;
TRUNCATE TABLE locationhierarchy;
TRUNCATE TABLE locationhierarchylevel;
TRUNCATE TABLE membership;
TRUNCATE TABLE neonatalvpm;
TRUNCATE TABLE note;
TRUNCATE TABLE outcome;
TRUNCATE TABLE outmigration;
TRUNCATE TABLE postneonatalvpm;
TRUNCATE TABLE pregnancyobservation;
TRUNCATE TABLE pregnancyoutcome;
TRUNCATE TABLE pregnancyoutcome_outcome;
TRUNCATE TABLE privilege;
TRUNCATE TABLE relationship;
TRUNCATE TABLE residency;
TRUNCATE TABLE role;
TRUNCATE TABLE role_privileges;
TRUNCATE TABLE round;
TRUNCATE TABLE socialgroup;
TRUNCATE TABLE user;
TRUNCATE TABLE user_roles;
TRUNCATE TABLE vaccination;
TRUNCATE TABLE visit;
TRUNCATE TABLE whitelist;

INSERT INTO `fieldworker` VALUES ('0318a3bd496578ed014965a075dc001b','\0','2014-10-31',NULL,NULL,'FWAD1','Admin','Data','User 1',NULL),('UnknownFieldWorker','\0',NULL,NULL,NULL,'UNK','Unknown','FieldWorker',NULL,NULL);
INSERT INTO `individual` VALUES ('Unknown Individual','\0','2009-12-19',NULL,NULL,'PENDING',NULL,'1900-12-19',NULL,'UNK','Unknown','MALE','UNKNOWN',NULL,'User 1',NULL,'UnknownFieldWorker',NULL,NULL);
INSERT INTO `locationhierarchy` VALUES ('hierarchy1','SUI','Switzerland','hierarchyLevelId1','hierarchy_root'),('hierarchy2','NWS','NW','hierarchyLevelId2','hierarchy1'),('hierarchy3','BSL','Basel','hierarchyLevelId3','hierarchy2'),('hierarchy4','BSS','Basel-Stadt','hierarchyLevelId4','hierarchy3'),('hierarchy5_1','ISE','Iselin','hierarchyLevelId5','hierarchy4'),('hierarchy5_2','GTH','Gotthelf','hierarchyLevelId5','hierarchy4'),('hierarchy5_3','BCL','Bachletten','hierarchyLevelId5','hierarchy4'),('hierarchy5_4','GND','Gundeldingen','hierarchyLevelId5','hierarchy4'),('hierarchy_root','HIERARCHY_ROOT','',NULL,NULL);
INSERT INTO `locationhierarchylevel` VALUES ('hierarchyLevelId1',1,'Country'),('hierarchyLevelId2',2,'Region'),('hierarchyLevelId3',3,'District'),('hierarchyLevelId4',4,'Village'),('hierarchyLevelId5',5,'Subvillage');
INSERT INTO `privilege` VALUES ('PRIVILEGE1','CREATE_ENTITY'),('PRIVILEGE10','ACCESS_REPORTS'),('PRIVILEGE11','ACESSS_UTILITY_ROUTINES'),('PRIVILEGE12','ACESSS_CONFIGURATION'),('PRIVILEGE2','EDIT_ENTITY'),('PRIVILEGE3','DELETE_ENTITY'),('PRIVILEGE4','VIEW_ENTITY'),('PRIVILEGE5','CREATE_USER'),('PRIVILEGE6','DELETE_USER'),('PRIVILEGE7','ACCESS_BASELINE'),('PRIVILEGE8','ACCESS_UPDATE'),('PRIVILEGE9','ACCESS_AMENDMENT_FORMS');
INSERT INTO `role` VALUES ('ROLE1','\0',NULL,NULL,NULL,'Administrator of OpenHDS','ADMINISTRATOR',NULL,NULL),('ROLE2','\0',NULL,NULL,NULL,'Data Clerk of OpenHDS','DATA CLERK',NULL,NULL),('ROLE3','\0',NULL,NULL,NULL,'Data Manager of OpenHDS','DATA MANAGER',NULL,NULL);
INSERT INTO `role_privileges` VALUES ('ROLE1','PRIVILEGE1'),('ROLE1','PRIVILEGE10'),('ROLE1','PRIVILEGE11'),('ROLE1','PRIVILEGE12'),('ROLE1','PRIVILEGE2'),('ROLE1','PRIVILEGE3'),('ROLE1','PRIVILEGE4'),('ROLE2','PRIVILEGE4'),('ROLE1','PRIVILEGE5'),('ROLE1','PRIVILEGE6'),('ROLE1','PRIVILEGE7'),('ROLE1','PRIVILEGE8'),('ROLE1','PRIVILEGE9');
INSERT INTO `user` VALUES ('User 1','\0','Administrator User','FirstName','Administrator',1415184017493,'LastName','test','7A229A3D44ABEB1D9C5AAB64AFFB1B16','admin');
INSERT INTO `user_roles` VALUES ('User 1','ROLE1');
INSERT INTO `whitelist` VALUES ('LOCALHOST1','127.0.0.1'),('LOCALHOST2','localhost');
SET FOREIGN_KEY_CHECKS=1;

